,config,energy,magnetization
0,"[[ 1  1  1  1 -1 -1 -1  1  1 -1]
 [ 1  1 -1  1 -1 -1 -1 -1  1  1]
 [ 1  1  1  1 -1 -1 -1 -1  1  1]
 [ 1  1 -1  1 -1 -1 -1 -1  1  1]
 [-1  1  1  1 -1 -1 -1 -1 -1 -1]
 [-1 -1  1  1  1 -1 -1 -1 -1 -1]
 [-1 -1 -1  1 -1 -1 -1 -1 -1 -1]
 [-1 -1 -1 -1 -1 -1 -1 -1 -1 -1]
 [-1  1  1 -1 -1 -1 -1 -1 -1 -1]
 [ 1  1  1 -1 -1 -1 -1 -1 -1 -1]]",-1.12,-0.32
1,"[[-1 -1 -1  1 -1 -1 -1 -1 -1 -1]
 [-1 -1 -1 -1 -1 -1 -1 -1 -1 -1]
 [-1 -1 -1 -1 -1 -1 -1 -1  1 -1]
 [-1 -1 -1 -1 -1 -1 -1 -1 -1 -1]
 [-1 -1 -1 -1 -1 -1 -1 -1 -1 -1]
 [-1 -1 -1 -1 -1 -1 -1 -1 -1 -1]
 [-1 -1 -1 -1 -1 -1 -1 -1 -1 -1]
 [-1 -1 -1 -1 -1 -1 -1 -1 -1  1]
 [-1 -1 -1 -1 -1 -1 -1 -1 -1 -1]
 [-1 -1 -1  1 -1 -1 -1 -1 -1 -1]]",-1.72,-0.92
2,"[[ 1  1  1  1  1  1  1  1  1  1]
 [ 1  1  1  1  1  1  1  1  1  1]
 [ 1  1  1  1  1  1  1  1  1  1]
 [-1  1  1  1  1  1  1  1  1  1]
 [ 1  1  1  1  1  1  1  1  1  1]
 [ 1 -1 -1  1  1  1  1  1  1  1]
 [-1  1 -1  1  1  1  1  1  1  1]
 [ 1  1  1  1 -1  1  1  1  1  1]
 [ 1  1  1  1 -1  1  1  1  1  1]
 [ 1  1  1  1 -1  1  1 -1 -1  1]]",-1.4,0.8
3,"[[-1 -1 -1 -1 -1 -1 -1 -1 -1 -1]
 [-1 -1 -1 -1 -1 -1  1  1 -1  1]
 [-1 -1 -1 -1 -1 -1 -1 -1 -1 -1]
 [-1 -1 -1 -1 -1 -1 -1 -1 -1 -1]
 [-1 -1  1  1 -1 -1 -1 -1 -1 -1]
 [-1 -1 -1 -1 -1 -1 -1 -1 -1 -1]
 [-1 -1 -1 -1 -1 -1 -1 -1 -1 -1]
 [-1 -1 -1 -1 -1 -1 -1 -1 -1 -1]
 [ 1  1  1 -1  1 -1 -1 -1 -1  1]
 [ 1  1 -1 -1 -1 -1 -1 -1 -1 -1]]",-1.36,-0.76
4,"[[ 1  1  1  1  1  1  1  1  1  1]
 [ 1  1  1  1  1  1  1  1  1  1]
 [-1  1  1  1  1  1  1  1  1  1]
 [ 1  1  1  1  1 -1 -1  1  1  1]
 [ 1  1  1 -1  1 -1 -1  1  1  1]
 [ 1  1  1  1  1  1  1  1  1  1]
 [ 1  1  1  1  1  1  1  1  1  1]
 [ 1  1 -1 -1  1  1  1  1  1  1]
 [ 1  1  1  1  1  1  1  1  1  1]
 [ 1  1  1  1  1  1  1  1  1  1]]",-1.56,0.84
5,"[[-1 -1 -1 -1 -1  1  1  1  1  1]
 [-1 -1 -1 -1 -1  1  1  1 -1 -1]
 [ 1 -1 -1 -1 -1  1  1  1 -1 -1]
 [ 1 -1 -1 -1 -1  1  1  1  1  1]
 [ 1 -1 -1 -1 -1  1  1  1  1  1]
 [ 1 -1 -1 -1 -1  1  1  1  1  1]
 [ 1 -1 -1 -1  1  1  1  1  1 -1]
 [ 1  1 -1  1  1  1  1  1  1  1]
 [ 1  1 -1 -1  1  1  1  1  1  1]
 [-1 -1 -1 -1 -1 -1  1  1  1 -1]]",-1.16,0.12
6,"[[ 1  1  1  1  1  1  1 -1 -1  1]
 [ 1  1  1  1  1  1  1  1  1  1]
 [ 1  1  1  1  1  1  1  1  1 -1]
 [ 1  1  1  1  1  1  1  1 -1 -1]
 [ 1  1  1  1  1  1  1  1  1  1]
 [ 1  1  1  1  1  1  1 -1  1  1]
 [ 1  1  1  1  1  1  1 -1  1  1]
 [ 1  1  1  1  1  1  1  1  1  1]
 [ 1 -1 -1 -1  1  1  1  1  1  1]
 [-1  1  1  1  1  1  1 -1 -1 -1]]",-1.32,0.72
7,"[[ 1  1 -1  1  1  1  1  1  1  1]
 [ 1  1  1  1  1  1  1  1  1  1]
 [ 1  1  1  1  1  1 -1  1  1  1]
 [ 1  1  1  1  1  1  1  1  1  1]
 [ 1 -1  1  1  1  1  1 -1  1  1]
 [ 1 -1 -1  1  1  1  1 -1  1  1]
 [ 1  1  1  1  1  1  1  1  1  1]
 [-1  1  1  1  1  1  1  1  1  1]
 [ 1  1  1  1  1  1  1  1  1  1]
 [ 1 -1 -1  1  1  1  1  1  1  1]]",-1.4,0.8
8,"[[-1  1 -1  1 -1 -1 -1 -1  1  1]
 [ 1  1 -1 -1 -1 -1 -1 -1  1  1]
 [ 1  1 -1 -1  1  1  1 -1 -1  1]
 [-1 -1 -1 -1  1  1  1 -1  1  1]
 [-1 -1 -1 -1  1  1  1  1  1  1]
 [ 1 -1 -1 -1  1  1  1  1  1  1]
 [ 1  1  1  1  1  1  1  1  1  1]
 [ 1  1 -1  1  1  1 -1 -1  1  1]
 [ 1  1 -1  1  1 -1 -1 -1 -1  1]
 [ 1  1  1  1 -1 -1 -1 -1  1  1]]",-0.92,0.2
9,"[[-1 -1 -1 -1 -1 -1  1 -1 -1 -1]
 [-1 -1 -1 -1 -1 -1 -1 -1  1 -1]
 [-1 -1 -1  1 -1 -1 -1 -1 -1 -1]
 [-1 -1 -1  1 -1 -1 -1 -1 -1 -1]
 [-1 -1  1  1 -1 -1 -1 -1 -1 -1]
 [-1 -1 -1 -1 -1 -1 -1 -1 -1 -1]
 [-1  1 -1 -1  1 -1 -1 -1 -1 -1]
 [-1 -1 -1 -1 -1 -1 -1 -1  1 -1]
 [-1 -1 -1 -1 -1 -1 -1 -1  1  1]
 [ 1 -1 -1 -1 -1 -1 -1 -1 -1 -1]]",-1.24,-0.76
10,"[[ 1 -1  1 -1 -1 -1 -1 -1 -1 -1]
 [ 1  1  1 -1 -1 -1 -1 -1 -1 -1]
 [ 1  1 -1 -1 -1  1 -1 -1 -1  1]
 [ 1 -1 -1 -1  1  1  1 -1 -1 -1]
 [-1 -1 -1 -1 -1  1  1 -1 -1 -1]
 [-1 -1 -1 -1  1 -1 -1 -1 -1 -1]
 [-1 -1 -1 -1 -1 -1  1 -1 -1 -1]
 [-1 -1 -1  1 -1 -1 -1 -1 -1 -1]
 [-1 -1 -1  1 -1 -1 -1 -1 -1 -1]
 [ 1  1  1  1 -1 -1 -1 -1 -1 -1]]",-1.04,-0.54
11,"[[ 1  1  1  1  1  1  1 -1 -1 -1]
 [ 1  1  1  1  1  1  1  1 -1 -1]
 [ 1  1  1  1  1  1  1  1  1  1]
 [ 1  1  1  1  1  1  1  1  1  1]
 [ 1  1  1  1  1  1  1  1  1  1]
 [ 1 -1  1  1  1  1  1  1  1 -1]
 [-1 -1  1  1 -1  1  1  1  1 -1]
 [ 1  1  1  1  1  1 -1 -1  1  1]
 [ 1  1  1  1  1  1  1 -1 -1 -1]
 [ 1  1  1  1  1  1  1 -1 -1 -1]]",-1.32,0.62
12,"[[ 1  1  1  1  1 -1  1  1  1  1]
 [-1 -1  1  1  1 -1  1  1  1  1]
 [ 1 -1  1  1 -1 -1 -1  1  1  1]
 [ 1  1  1  1  1  1 -1 -1 -1  1]
 [ 1  1 -1  1 -1 -1 -1 -1 -1  1]
 [ 1  1  1  1  1 -1  1  1  1  1]
 [-1 -1  1  1  1 -1  1  1 -1 -1]
 [-1 -1  1  1  1  1  1  1  1 -1]
 [ 1  1  1  1  1  1 -1  1 -1 -1]
 [ 1  1  1  1  1  1  1  1  1  1]]",-0.8,0.42
13,"[[-1 -1  1 -1  1  1  1  1 -1 -1]
 [-1  1  1  1  1  1 -1 -1 -1 -1]
 [-1 -1 -1 -1  1  1  1 -1  1  1]
 [-1 -1 -1 -1  1  1  1  1  1  1]
 [-1 -1 -1 -1 -1  1  1  1  1  1]
 [-1 -1 -1 -1 -1 -1  1  1  1  1]
 [ 1  1  1 -1 -1 -1  1  1  1  1]
 [ 1  1  1 -1 -1 -1  1  1  1  1]
 [-1  1  1  1 -1 -1  1  1  1 -1]
 [-1 -1 -1 -1 -1 -1  1  1  1  1]]",-0.92,0.08
14,"[[-1 -1 -1  1  1  1  1  1 -1 -1]
 [ 1  1 -1 -1 -1 -1 -1 -1 -1  1]
 [-1 -1 -1 -1 -1 -1 -1 -1 -1 -1]
 [ 1 -1 -1 -1 -1  1 -1 -1 -1 -1]
 [-1 -1 -1 -1 -1  1 -1 -1  1  1]
 [ 1  1  1  1  1  1 -1 -1 -1  1]
 [ 1  1  1  1  1 -1  1 -1 -1  1]
 [ 1  1 -1  1  1  1  1 -1 -1  1]
 [-1 -1 -1  1  1  1  1 -1 -1 -1]
 [-1  1 -1  1  1  1  1  1 -1 -1]]",-0.8,-0.12
15,"[[-1  1  1  1 -1 -1 -1 -1 -1 -1]
 [-1  1  1 -1 -1 -1 -1 -1 -1 -1]
 [-1 -1 -1 -1 -1 -1 -1 -1 -1 -1]
 [-1 -1 -1 -1 -1 -1 -1 -1 -1 -1]
 [-1 -1 -1 -1 -1 -1 -1 -1 -1 -1]
 [-1 -1 -1 -1 -1 -1  1 -1 -1 -1]
 [-1 -1 -1 -1 -1  1  1 -1 -1 -1]
 [-1 -1 -1 -1 -1 -1 -1 -1 -1 -1]
 [-1 -1 -1 -1 -1 -1 -1 -1 -1 -1]
 [-1 -1 -1 -1 -1 -1 -1 -1 -1 -1]]",-1.64,-0.84
16,"[[ 1  1  1  1  1  1  1 -1  1  1]
 [ 1  1 -1  1  1  1  1  1  1  1]
 [ 1  1  1  1  1  1  1  1  1  1]
 [ 1  1  1  1  1  1  1  1  1  1]
 [ 1  1  1  1  1  1  1  1  1  1]
 [ 1  1  1  1  1  1  1  1  1  1]
 [ 1  1  1  1  1  1  1  1  1  1]
 [ 1  1  1  1  1  1  1  1  1  1]
 [ 1  1  1  1  1  1  1  1  1  1]
 [-1  1  1  1  1  1  1  1  1  1]]",-1.76,0.94
17,"[[-1  1  1  1  1 -1 -1 -1 -1 -1]
 [ 1  1 -1 -1 -1 -1 -1 -1 -1 -1]
 [-1  1  1  1 -1 -1 -1  1  1 -1]
 [-1  1  1  1 -1 -1 -1  1  1 -1]
 [ 1  1 -1 -1 -1  1  1  1  1  1]
 [ 1  1  1  1 -1  1  1  1  1  1]
 [ 1  1  1  1  1  1  1  1  1  1]
 [ 1  1  1  1  1 -1  1  1  1  1]
 [ 1  1  1  1 -1 -1 -1 -1  1  1]
 [ 1  1  1  1  1  1 -1 -1  1 -1]]",-0.96,0.28
18,"[[-1 -1  1 -1 -1  1 -1 -1 -1 -1]
 [-1 -1  1 -1 -1 -1 -1 -1 -1 -1]
 [-1 -1 -1 -1 -1 -1 -1  1 -1 -1]
 [-1 -1 -1 -1 -1 -1 -1 -1 -1 -1]
 [-1 -1 -1 -1 -1 -1 -1 -1 -1 -1]
 [-1 -1  1 -1 -1 -1 -1 -1 -1 -1]
 [-1 -1  1 -1 -1 -1 -1 -1  1 -1]
 [-1 -1 -1 -1 -1 -1 -1 -1 -1 -1]
 [-1 -1 -1 -1 -1 -1 -1 -1 -1 -1]
 [ 1 -1 -1 -1 -1  1 -1 -1 -1  1]]",-1.36,-0.8
19,"[[-1 -1  1 -1  1  1  1 -1 -1 -1]
 [-1 -1 -1 -1 -1 -1 -1 -1 -1 -1]
 [-1 -1 -1 -1 -1 -1 -1 -1 -1 -1]
 [-1 -1 -1 -1  1 -1 -1 -1 -1 -1]
 [-1 -1 -1 -1  1 -1 -1 -1 -1 -1]
 [-1  1 -1 -1 -1 -1 -1 -1 -1 -1]
 [-1 -1 -1 -1 -1 -1 -1 -1 -1 -1]
 [-1 -1 -1 -1 -1 -1 -1 -1 -1 -1]
 [-1  1 -1 -1 -1 -1 -1 -1 -1 -1]
 [-1 -1 -1 -1  1  1  1 -1 -1 -1]]",-1.44,-0.78
20,"[[-1 -1 -1  1  1 -1 -1 -1 -1 -1]
 [-1 -1 -1  1 -1 -1 -1 -1 -1 -1]
 [-1 -1 -1 -1 -1 -1 -1 -1 -1 -1]
 [ 1 -1 -1  1  1 -1 -1 -1 -1 -1]
 [-1  1 -1 -1 -1 -1 -1 -1 -1 -1]
 [-1  1 -1 -1 -1 -1 -1  1 -1 -1]
 [-1 -1 -1  1  1 -1 -1 -1 -1 -1]
 [ 1 -1 -1 -1  1 -1 -1  1 -1 -1]
 [-1 -1 -1  1 -1 -1 -1  1  1  1]
 [-1 -1 -1 -1 -1 -1 -1 -1 -1 -1]]",-0.92,-0.64
21,"[[-1  1  1  1  1  1  1  1  1  1]
 [-1 -1  1  1  1  1  1  1  1  1]
 [ 1  1 -1  1  1  1  1  1  1  1]
 [ 1  1 -1  1  1  1  1  1  1  1]
 [ 1  1 -1  1  1  1  1  1  1  1]
 [ 1 -1  1  1  1 -1  1  1  1  1]
 [ 1  1  1  1  1  1  1  1  1  1]
 [-1 -1  1  1  1  1  1  1  1  1]
 [ 1  1  1  1  1  1 -1  1  1 -1]
 [ 1  1  1  1  1  1  1  1  1  1]]",-1.24,0.76
22,"[[ 1 -1 -1  1  1  1  1  1  1  1]
 [ 1  1  1  1  1  1  1  1  1  1]
 [ 1  1  1  1  1  1  1  1  1  1]
 [-1  1  1  1  1  1  1  1  1  1]
 [-1  1  1  1  1  1  1  1  1  1]
 [-1 -1  1  1  1  1  1  1  1  1]
 [ 1  1  1  1  1  1  1  1  1  1]
 [ 1 -1  1  1  1  1  1  1  1  1]
 [-1 -1 -1 -1  1  1  1  1  1  1]
 [-1 -1 -1  1  1  1  1  1  1  1]]",-1.48,0.72
23,"[[ 1  1  1 -1 -1 -1 -1 -1 -1 -1]
 [ 1  1  1  1  1  1 -1 -1 -1 -1]
 [ 1  1  1  1  1  1  1  1  1  1]
 [ 1  1  1  1  1  1  1  1  1  1]
 [ 1  1  1 -1 -1  1  1  1  1  1]
 [-1  1  1  1 -1  1  1  1 -1 -1]
 [-1  1 -1 -1 -1 -1  1  1  1 -1]
 [ 1  1 -1  1 -1 -1  1  1 -1 -1]
 [ 1  1 -1  1  1 -1 -1  1 -1  1]
 [ 1  1 -1  1 -1 -1 -1 -1  1  1]]",-0.8,0.26
24,"[[-1 -1 -1  1  1 -1 -1 -1 -1 -1]
 [-1 -1 -1  1 -1 -1 -1 -1 -1 -1]
 [-1 -1 -1 -1 -1 -1 -1 -1 -1 -1]
 [ 1 -1 -1 -1 -1 -1 -1 -1 -1 -1]
 [-1 -1 -1 -1 -1 -1 -1 -1 -1 -1]
 [-1 -1 -1 -1 -1 -1 -1 -1 -1 -1]
 [-1 -1 -1 -1 -1 -1 -1 -1 -1 -1]
 [-1 -1 -1 -1 -1 -1 -1 -1 -1 -1]
 [-1 -1 -1  1 -1 -1  1 -1  1 -1]
 [-1 -1 -1 -1 -1 -1 -1 -1  1  1]]",-1.44,-0.82
25,"[[-1 -1 -1 -1 -1 -1 -1  1 -1 -1]
 [-1 -1 -1 -1 -1 -1 -1  1 -1 -1]
 [-1 -1 -1 -1 -1 -1 -1 -1 -1 -1]
 [-1  1 -1  1 -1 -1 -1  1 -1 -1]
 [-1 -1 -1 -1 -1 -1 -1  1 -1 -1]
 [-1 -1 -1 -1 -1 -1  1  1 -1 -1]
 [-1 -1  1  1 -1 -1 -1 -1 -1 -1]
 [-1 -1  1  1 -1 -1 -1 -1 -1 -1]
 [-1 -1 -1 -1 -1 -1 -1 -1 -1 -1]
 [-1 -1 -1 -1 -1 -1 -1 -1 -1 -1]]",-1.36,-0.76
26,"[[ 1  1  1  1  1 -1 -1 -1  1  1]
 [-1 -1 -1 -1 -1 -1  1  1  1 -1]
 [ 1  1 -1 -1 -1 -1  1  1  1 -1]
 [-1  1 -1 -1 -1  1  1 -1 -1 -1]
 [-1  1 -1 -1 -1  1  1  1 -1 -1]
 [ 1  1  1  1  1  1 -1  1  1  1]
 [ 1  1  1  1  1  1  1  1  1  1]
 [ 1  1  1 -1  1  1  1 -1  1  1]
 [-1  1  1  1  1  1  1  1  1  1]
 [ 1  1  1  1  1 -1 -1 -1  1  1]]",-0.84,0.3
27,"[[-1 -1  1 -1 -1 -1 -1 -1 -1 -1]
 [ 1 -1 -1 -1 -1 -1 -1 -1 -1  1]
 [-1 -1 -1 -1 -1 -1 -1 -1 -1  1]
 [-1 -1 -1 -1 -1 -1 -1 -1 -1 -1]
 [-1  1 -1 -1 -1 -1 -1 -1 -1 -1]
 [-1 -1  1 -1 -1 -1 -1 -1 -1 -1]
 [-1 -1  1 -1 -1 -1 -1 -1 -1 -1]
 [-1 -1 -1 -1 -1 -1 -1 -1 -1 -1]
 [-1 -1  1 -1  1 -1 -1 -1 -1 -1]
 [-1 -1 -1 -1 -1 -1 -1 -1 -1 -1]]",-1.4,-0.82
28,"[[-1 -1 -1 -1 -1 -1 -1 -1 -1 -1]
 [-1 -1 -1 -1 -1 -1 -1 -1 -1 -1]
 [-1 -1 -1 -1 -1 -1 -1 -1  1 -1]
 [-1 -1 -1 -1 -1 -1 -1 -1  1 -1]
 [-1 -1 -1  1  1 -1 -1 -1 -1 -1]
 [-1 -1 -1 -1 -1  1 -1 -1 -1 -1]
 [-1 -1 -1 -1 -1 -1 -1 -1 -1 -1]
 [-1 -1 -1 -1 -1 -1 -1 -1 -1 -1]
 [-1 -1 -1 -1 -1 -1 -1 -1 -1 -1]
 [-1 -1  1 -1 -1 -1 -1 -1 -1 -1]]",-1.6,-0.88
29,"[[ 1  1  1  1  1  1  1  1  1  1]
 [ 1  1  1  1  1  1  1 -1  1  1]
 [ 1  1 -1  1  1  1  1  1  1  1]
 [ 1  1  1  1  1  1  1  1  1  1]
 [ 1  1  1  1  1  1  1  1 -1  1]
 [ 1  1  1  1  1  1 -1  1  1  1]
 [-1 -1  1  1  1  1  1  1  1  1]
 [ 1  1  1  1  1  1  1  1  1  1]
 [ 1  1  1  1  1  1  1  1  1  1]
 [ 1  1  1  1  1  1  1  1  1  1]]",-1.56,0.88
30,"[[ 1  1  1  1  1  1  1  1  1  1]
 [ 1  1  1  1  1  1  1  1  1  1]
 [ 1  1  1  1  1  1  1  1  1  1]
 [ 1  1  1  1  1  1  1  1  1  1]
 [ 1  1  1  1  1  1  1  1  1  1]
 [ 1  1  1  1  1  1  1  1  1  1]
 [ 1  1  1  1  1  1  1  1  1  1]
 [ 1  1  1 -1  1  1  1  1  1 -1]
 [ 1  1  1 -1  1  1  1 -1  1  1]
 [ 1  1  1  1  1  1  1  1  1  1]]",-1.72,0.92
31,"[[-1 -1 -1 -1 -1 -1 -1 -1 -1 -1]
 [-1 -1 -1 -1 -1 -1 -1 -1 -1  1]
 [ 1  1 -1 -1 -1  1 -1 -1 -1 -1]
 [-1 -1 -1 -1 -1 -1 -1 -1 -1 -1]
 [ 1  1 -1 -1 -1 -1 -1 -1 -1 -1]
 [ 1 -1 -1 -1  1 -1 -1 -1 -1 -1]
 [ 1 -1 -1 -1  1 -1 -1 -1 -1  1]
 [-1  1 -1 -1 -1 -1 -1 -1 -1  1]
 [-1 -1 -1 -1 -1 -1 -1 -1 -1 -1]
 [-1 -1 -1 -1 -1 -1 -1 -1 -1 -1]]",-1.24,-0.74
32,"[[-1 -1 -1 -1 -1 -1  1  1  1 -1]
 [-1 -1 -1  1  1  1  1  1  1  1]
 [ 1 -1 -1  1  1  1  1  1  1  1]
 [ 1  1  1  1  1  1  1  1  1  1]
 [ 1  1  1  1  1  1  1  1  1 -1]
 [ 1 -1 -1  1  1  1  1  1  1  1]
 [ 1  1  1  1  1  1  1  1  1  1]
 [ 1  1 -1  1  1  1  1  1 -1  1]
 [-1 -1 -1  1  1  1  1  1  1  1]
 [-1 -1 -1  1  1  1 -1  1  1  1]]",-1.12,0.52
33,"[[ 1 -1 -1 -1 -1 -1 -1 -1 -1 -1]
 [-1 -1 -1 -1 -1 -1 -1 -1 -1  1]
 [-1 -1 -1  1 -1 -1 -1 -1 -1 -1]
 [-1 -1 -1 -1 -1 -1 -1 -1 -1 -1]
 [-1 -1 -1 -1 -1  1  1  1  1  1]
 [ 1  1  1 -1 -1  1  1  1  1  1]
 [-1 -1 -1  1 -1  1  1  1  1  1]
 [-1  1 -1 -1 -1 -1  1  1  1 -1]
 [-1  1  1 -1 -1 -1  1  1  1 -1]
 [-1 -1 -1 -1 -1  1  1  1  1 -1]]",-0.92,-0.3
34,"[[-1 -1  1  1  1  1  1  1 -1 -1]
 [-1 -1  1  1  1  1  1  1 -1 -1]
 [ 1  1  1  1  1  1  1  1  1  1]
 [-1  1 -1  1  1  1  1  1  1 -1]
 [-1 -1 -1  1  1  1  1  1  1  1]
 [ 1  1  1  1  1  1  1  1  1  1]
 [ 1 -1  1  1  1  1  1  1  1  1]
 [ 1  1  1 -1  1  1  1  1 -1  1]
 [ 1  1  1  1  1  1 -1  1 -1  1]
 [ 1 -1  1  1  1  1  1  1 -1 -1]]",-1.08,0.56
35,"[[-1 -1 -1  1  1  1  1  1  1  1]
 [ 1  1  1  1  1  1  1  1  1  1]
 [ 1  1  1  1  1 -1  1  1  1  1]
 [ 1 -1 -1 -1 -1 -1  1  1  1  1]
 [-1 -1 -1 -1 -1 -1 -1 -1  1 -1]
 [ 1 -1 -1 -1 -1 -1 -1 -1  1  1]
 [ 1  1  1 -1  1  1  1  1  1  1]
 [ 1 -1 -1 -1 -1  1  1  1  1  1]
 [ 1 -1 -1 -1 -1  1 -1 -1 -1  1]
 [-1 -1 -1  1  1  1 -1  1 -1 -1]]",-0.88,0.14
36,"[[-1 -1 -1 -1 -1  1  1 -1 -1 -1]
 [-1 -1 -1 -1 -1  1  1  1 -1 -1]
 [-1 -1 -1 -1 -1 -1 -1  1  1  1]
 [-1 -1 -1 -1 -1 -1 -1 -1  1 -1]
 [-1 -1 -1 -1 -1 -1 -1 -1 -1 -1]
 [ 1 -1 -1 -1 -1 -1 -1 -1 -1 -1]
 [-1 -1 -1 -1 -1 -1 -1 -1 -1 -1]
 [-1 -1 -1 -1  1  1 -1 -1 -1 -1]
 [-1 -1 -1 -1 -1 -1 -1 -1 -1 -1]
 [-1 -1 -1 -1 -1 -1 -1 -1 -1  1]]",-1.36,-0.74
37,"[[-1 -1 -1 -1 -1 -1 -1 -1  1 -1]
 [-1 -1 -1 -1 -1 -1 -1 -1  1 -1]
 [-1 -1 -1 -1 -1 -1 -1 -1 -1 -1]
 [-1 -1 -1 -1 -1 -1 -1 -1 -1 -1]
 [-1  1 -1 -1 -1 -1 -1 -1 -1 -1]
 [-1  1 -1 -1 -1 -1 -1 -1 -1 -1]
 [-1 -1 -1 -1 -1 -1 -1 -1 -1 -1]
 [-1 -1 -1 -1 -1 -1  1  1  1 -1]
 [-1 -1 -1 -1 -1  1  1 -1 -1 -1]
 [-1 -1 -1 -1 -1  1 -1 -1 -1 -1]]",-1.48,-0.8
38,"[[ 1  1  1  1  1  1  1  1  1  1]
 [ 1  1  1  1  1  1  1  1  1  1]
 [ 1  1  1  1  1  1  1  1  1  1]
 [ 1  1  1  1 -1  1  1  1  1  1]
 [ 1  1  1  1  1  1  1  1  1  1]
 [ 1  1  1  1  1  1  1  1  1  1]
 [ 1  1  1  1  1  1  1  1  1  1]
 [ 1  1  1  1  1  1  1  1  1 -1]
 [ 1  1  1  1  1  1  1  1  1  1]
 [ 1  1  1  1  1  1  1  1  1  1]]",-1.84,0.96
39,"[[ 1  1  1  1  1  1  1 -1 -1 -1]
 [ 1  1  1  1  1  1  1  1  1 -1]
 [ 1  1  1  1  1  1  1  1  1  1]
 [ 1  1  1  1  1  1 -1  1  1  1]
 [ 1  1 -1  1  1  1  1  1  1  1]
 [-1 -1  1  1  1  1  1  1  1 -1]
 [-1 -1  1  1  1  1 -1  1 -1 -1]
 [-1 -1 -1 -1 -1  1 -1  1 -1 -1]
 [ 1  1  1  1  1  1 -1 -1 -1  1]
 [ 1  1  1 -1  1  1  1 -1 -1 -1]]",-1.0,0.42
40,"[[-1 -1 -1 -1 -1 -1 -1 -1 -1 -1]
 [ 1 -1 -1 -1 -1  1  1 -1 -1 -1]
 [-1 -1 -1 -1 -1 -1  1 -1 -1 -1]
 [-1 -1 -1 -1  1  1  1 -1 -1  1]
 [-1 -1 -1  1  1 -1 -1 -1 -1 -1]
 [-1 -1 -1  1 -1 -1 -1 -1  1 -1]
 [-1 -1  1 -1 -1 -1 -1 -1 -1 -1]
 [-1 -1 -1 -1 -1 -1 -1 -1 -1 -1]
 [-1 -1 -1 -1 -1 -1 -1 -1 -1 -1]
 [-1 -1 -1 -1 -1 -1 -1 -1 -1 -1]]",-1.28,-0.74
41,"[[-1  1  1  1  1  1  1  1  1 -1]
 [-1 -1  1  1  1  1  1  1  1  1]
 [ 1 -1  1  1  1  1  1  1 -1  1]
 [ 1  1  1  1  1  1  1  1  1  1]
 [ 1  1  1  1  1  1  1  1  1  1]
 [ 1  1  1  1  1  1  1 -1  1  1]
 [ 1  1  1  1  1  1  1  1  1  1]
 [ 1  1  1  1 -1  1  1  1  1  1]
 [ 1  1  1  1  1  1  1  1  1 -1]
 [ 1  1  1  1  1 -1  1  1  1 -1]]",-1.36,0.78
42,"[[-1 -1  1  1 -1 -1 -1 -1 -1 -1]
 [-1 -1 -1 -1 -1 -1 -1 -1 -1 -1]
 [-1 -1 -1 -1 -1 -1 -1 -1 -1  1]
 [ 1 -1 -1 -1 -1 -1 -1 -1  1 -1]
 [-1 -1 -1 -1 -1 -1 -1 -1 -1 -1]
 [-1 -1 -1 -1  1 -1 -1 -1 -1 -1]
 [-1 -1 -1 -1 -1 -1 -1 -1 -1 -1]
 [-1 -1 -1 -1 -1 -1 -1 -1 -1 -1]
 [-1 -1 -1 -1 -1 -1 -1 -1 -1 -1]
 [-1 -1 -1 -1 -1 -1 -1 -1 -1 -1]]",-1.56,-0.88
43,"[[-1 -1  1 -1 -1 -1 -1 -1  1  1]
 [-1 -1  1 -1 -1 -1 -1 -1  1  1]
 [-1 -1 -1 -1 -1 -1 -1 -1 -1  1]
 [ 1 -1 -1  1  1 -1 -1 -1 -1 -1]
 [-1 -1 -1 -1  1 -1 -1 -1 -1 -1]
 [-1 -1 -1 -1 -1 -1 -1 -1 -1 -1]
 [-1 -1 -1 -1 -1 -1 -1 -1 -1 -1]
 [-1  1 -1 -1 -1 -1 -1 -1 -1 -1]
 [-1 -1 -1 -1 -1 -1  1 -1 -1 -1]
 [-1 -1 -1 -1 -1 -1 -1 -1 -1 -1]]",-1.28,-0.74
44,"[[ 1  1  1  1  1  1 -1  1  1 -1]
 [ 1  1 -1  1  1  1  1  1  1  1]
 [ 1  1  1  1 -1 -1 -1  1  1  1]
 [-1  1  1  1  1 -1 -1 -1 -1  1]
 [ 1  1  1  1  1  1 -1 -1  1  1]
 [ 1  1  1  1  1  1  1 -1 -1  1]
 [-1  1  1  1  1  1  1 -1 -1 -1]
 [-1  1  1  1  1  1  1  1  1 -1]
 [ 1  1  1  1  1  1  1  1  1  1]
 [ 1  1  1  1  1  1  1  1 -1  1]]",-1.04,0.56
45,"[[ 1  1  1  1  1  1  1 -1 -1 -1]
 [ 1  1  1  1  1  1  1 -1 -1 -1]
 [ 1  1  1  1  1  1 -1 -1 -1 -1]
 [ 1  1  1  1  1  1 -1 -1 -1 -1]
 [ 1  1  1  1  1  1  1  1  1  1]
 [ 1  1  1  1  1  1 -1  1  1  1]
 [ 1  1  1  1 -1  1 -1  1  1  1]
 [ 1  1  1  1  1  1  1  1  1  1]
 [ 1  1 -1 -1 -1 -1  1  1  1 -1]
 [ 1  1 -1 -1  1  1  1  1 -1 -1]]",-1.16,0.48
46,"[[ 1 -1 -1 -1 -1 -1 -1 -1  1  1]
 [ 1 -1 -1 -1  1 -1  1  1  1  1]
 [ 1  1 -1 -1  1  1 -1  1  1  1]
 [ 1  1 -1 -1 -1  1  1  1  1  1]
 [ 1  1 -1 -1 -1 -1 -1  1  1  1]
 [ 1 -1 -1 -1 -1 -1 -1  1  1  1]
 [-1 -1 -1 -1 -1 -1 -1 -1 -1 -1]
 [-1 -1 -1 -1 -1 -1 -1 -1 -1 -1]
 [ 1 -1 -1 -1 -1 -1 -1 -1 -1  1]
 [ 1 -1 -1 -1 -1 -1 -1  1  1  1]]",-1.2,-0.24
47,"[[-1 -1 -1 -1 -1 -1 -1 -1 -1 -1]
 [-1 -1 -1 -1 -1 -1 -1 -1 -1 -1]
 [-1 -1 -1 -1 -1 -1 -1 -1 -1 -1]
 [-1 -1 -1 -1  1  1  1 -1 -1 -1]
 [-1 -1 -1 -1  1 -1 -1 -1  1 -1]
 [-1 -1 -1 -1 -1 -1 -1 -1  1 -1]
 [-1 -1 -1 -1 -1 -1 -1 -1 -1 -1]
 [ 1  1 -1 -1 -1 -1 -1 -1 -1 -1]
 [-1  1 -1 -1 -1 -1 -1 -1 -1 -1]
 [-1 -1 -1 -1 -1 -1 -1 -1 -1 -1]]",-1.52,-0.82
48,"[[-1 -1 -1 -1 -1 -1  1 -1 -1 -1]
 [-1 -1 -1  1  1 -1 -1 -1 -1 -1]
 [-1 -1 -1 -1 -1 -1 -1 -1 -1 -1]
 [-1 -1 -1 -1 -1 -1 -1 -1 -1 -1]
 [-1 -1 -1 -1 -1 -1 -1 -1 -1 -1]
 [-1  1  1  1  1  1 -1 -1 -1 -1]
 [-1 -1  1 -1  1  1 -1 -1 -1 -1]
 [-1 -1 -1  1  1 -1 -1 -1 -1 -1]
 [-1 -1 -1  1  1 -1 -1 -1 -1 -1]
 [-1 -1 -1  1  1 -1 -1 -1 -1 -1]]",-1.32,-0.66
49,"[[-1 -1 -1 -1 -1 -1 -1 -1 -1 -1]
 [-1 -1 -1 -1 -1 -1 -1 -1 -1 -1]
 [-1 -1 -1 -1 -1 -1 -1 -1 -1 -1]
 [-1 -1 -1 -1 -1 -1 -1 -1 -1 -1]
 [ 1 -1 -1 -1 -1 -1 -1  1  1  1]
 [-1 -1 -1 -1 -1 -1 -1  1  1  1]
 [ 1 -1 -1 -1 -1 -1 -1 -1 -1  1]
 [-1  1 -1 -1 -1 -1 -1 -1 -1 -1]
 [-1  1 -1 -1 -1 -1 -1  1 -1 -1]
 [-1 -1 -1 -1 -1 -1 -1 -1 -1 -1]]",-1.48,-0.76
50,"[[-1 -1 -1 -1  1  1 -1  1 -1 -1]
 [ 1 -1 -1 -1  1  1  1 -1 -1 -1]
 [-1  1 -1  1 -1 -1 -1 -1 -1 -1]
 [-1 -1 -1  1 -1 -1 -1 -1 -1 -1]
 [-1 -1 -1 -1 -1 -1 -1 -1 -1 -1]
 [-1 -1 -1 -1 -1  1  1 -1 -1 -1]
 [-1 -1 -1 -1 -1  1  1  1  1 -1]
 [-1 -1 -1 -1 -1  1  1  1  1 -1]
 [-1 -1 -1 -1 -1  1  1  1  1  1]
 [-1 -1 -1 -1  1 -1 -1 -1 -1 -1]]",-1.04,-0.48
51,"[[-1  1  1  1  1  1  1 -1 -1 -1]
 [-1  1  1  1  1  1 -1 -1 -1 -1]
 [-1 -1 -1 -1  1  1 -1 -1 -1 -1]
 [-1 -1 -1 -1  1  1 -1 -1 -1 -1]
 [-1 -1 -1 -1  1  1  1  1  1 -1]
 [-1 -1 -1 -1  1  1  1  1  1 -1]
 [-1 -1 -1 -1 -1 -1 -1 -1 -1 -1]
 [-1 -1 -1 -1 -1 -1 -1 -1 -1 -1]
 [-1 -1 -1 -1 -1  1 -1 -1 -1 -1]
 [-1  1 -1 -1  1  1  1 -1 -1 -1]]",-1.28,-0.4
52,"[[ 1  1 -1 -1 -1 -1 -1 -1 -1 -1]
 [-1 -1 -1 -1 -1 -1 -1 -1 -1 -1]
 [-1 -1 -1 -1 -1 -1 -1 -1 -1 -1]
 [-1 -1 -1 -1 -1 -1 -1 -1 -1 -1]
 [ 1 -1 -1 -1 -1 -1 -1 -1 -1 -1]
 [-1 -1  1 -1 -1 -1 -1 -1 -1 -1]
 [ 1  1  1 -1  1 -1 -1 -1 -1 -1]
 [ 1  1  1  1  1 -1 -1 -1 -1 -1]
 [ 1  1  1  1 -1 -1 -1 -1 -1  1]
 [-1  1  1  1 -1 -1 -1 -1 -1  1]]",-1.32,-0.56
53,"[[ 1  1  1  1  1 -1  1  1  1  1]
 [ 1 -1 -1  1  1  1  1  1 -1  1]
 [ 1  1  1  1  1  1  1 -1 -1  1]
 [ 1 -1  1  1  1  1  1  1 -1 -1]
 [-1 -1  1  1  1  1  1  1 -1 -1]
 [ 1  1  1  1  1  1  1  1  1  1]
 [ 1  1  1  1 -1  1  1 -1 -1 -1]
 [-1 -1  1  1  1  1  1 -1 -1 -1]
 [ 1  1  1  1  1  1  1  1  1  1]
 [-1  1  1  1  1  1  1  1  1 -1]]",-0.92,0.52
54,"[[ 1  1 -1  1  1  1  1  1  1  1]
 [ 1  1  1  1  1  1 -1  1  1  1]
 [-1 -1  1  1  1  1  1  1  1  1]
 [ 1 -1 -1  1  1  1  1  1  1  1]
 [ 1 -1  1  1  1  1  1  1  1  1]
 [ 1 -1 -1  1  1  1  1  1  1  1]
 [ 1  1  1  1  1  1  1 -1 -1  1]
 [ 1  1  1  1  1  1 -1 -1 -1 -1]
 [ 1  1  1 -1  1  1 -1  1  1  1]
 [ 1  1 -1 -1  1  1  1  1  1  1]]",-1.12,0.62
55,"[[-1  1 -1 -1 -1 -1 -1 -1  1  1]
 [-1 -1 -1 -1 -1 -1 -1  1  1  1]
 [ 1  1 -1  1 -1 -1 -1  1  1  1]
 [ 1  1  1 -1 -1 -1 -1 -1 -1  1]
 [ 1  1  1 -1 -1  1  1  1  1  1]
 [ 1  1  1 -1 -1  1 -1  1  1  1]
 [ 1  1 -1 -1 -1 -1  1  1 -1  1]
 [ 1  1 -1 -1 -1 -1  1  1  1  1]
 [ 1  1  1 -1 -1 -1 -1 -1  1  1]
 [ 1  1  1  1 -1 -1 -1 -1  1  1]]",-0.92,0.06
56,"[[-1  1  1  1  1  1 -1 -1 -1  1]
 [-1  1  1  1  1 -1 -1 -1 -1 -1]
 [-1  1  1  1  1 -1 -1 -1 -1  1]
 [-1  1 -1  1  1 -1 -1 -1 -1 -1]
 [-1 -1 -1 -1 -1 -1 -1 -1 -1 -1]
 [-1 -1 -1 -1 -1 -1 -1 -1 -1 -1]
 [-1 -1 -1 -1  1 -1 -1  1 -1 -1]
 [-1 -1 -1 -1 -1 -1 -1  1  1 -1]
 [-1 -1 -1 -1 -1 -1 -1 -1  1  1]
 [-1 -1  1  1  1  1 -1 -1 -1  1]]",-1.08,-0.42
57,"[[ 1  1  1  1  1  1  1  1  1  1]
 [ 1  1  1  1  1  1  1  1  1  1]
 [ 1 -1  1  1  1  1  1  1  1  1]
 [ 1  1  1  1  1 -1  1  1 -1 -1]
 [ 1  1 -1  1  1  1  1  1  1  1]
 [ 1  1  1  1  1  1  1  1  1  1]
 [ 1  1  1  1  1  1  1  1  1  1]
 [ 1  1  1  1  1  1  1  1  1  1]
 [ 1  1  1  1  1  1  1  1  1 -1]
 [ 1  1  1  1  1  1  1  1  1  1]]",-1.56,0.88
58,"[[-1  1  1 -1  1  1 -1 -1  1  1]
 [ 1  1  1  1  1  1 -1 -1 -1  1]
 [-1  1  1  1 -1  1 -1 -1 -1 -1]
 [-1  1  1  1  1  1 -1 -1  1 -1]
 [-1  1 -1  1  1  1 -1 -1  1 -1]
 [-1  1 -1 -1 -1 -1 -1 -1 -1 -1]
 [-1 -1 -1 -1 -1 -1 -1 -1 -1 -1]
 [-1 -1 -1 -1 -1 -1 -1  1  1  1]
 [ 1  1  1  1 -1 -1 -1  1  1  1]
 [ 1  1  1  1 -1  1  1  1  1  1]]",-0.84,-0.04
59,"[[ 1  1  1  1  1 -1  1  1  1  1]
 [ 1  1  1  1  1  1  1  1  1  1]
 [-1  1  1  1  1  1  1  1  1  1]
 [ 1  1  1  1  1  1  1  1  1  1]
 [ 1  1  1  1  1  1  1  1  1  1]
 [-1 -1  1  1  1  1  1  1 -1  1]
 [-1  1  1  1  1  1  1  1 -1  1]
 [-1  1  1  1  1  1  1 -1 -1  1]
 [-1  1  1  1  1  1  1 -1 -1 -1]
 [ 1  1  1  1  1  1  1  1  1  1]]",-1.36,0.72
60,"[[ 1 -1 -1  1  1  1  1  1  1  1]
 [ 1 -1 -1 -1 -1  1  1 -1  1  1]
 [ 1 -1 -1  1  1  1  1  1  1  1]
 [ 1 -1  1 -1  1 -1  1  1  1  1]
 [ 1 -1 -1  1  1  1  1  1  1  1]
 [ 1  1  1  1  1  1  1  1  1  1]
 [ 1  1  1  1 -1 -1  1  1  1  1]
 [ 1  1  1  1 -1 -1 -1 -1 -1 -1]
 [ 1  1  1  1  1  1 -1 -1 -1 -1]
 [ 1  1  1  1  1  1 -1 -1 -1 -1]]",-0.96,0.4
61,"[[ 1  1  1  1  1  1  1  1  1  1]
 [ 1  1  1  1  1 -1 -1  1  1  1]
 [ 1  1  1  1  1  1  1  1  1  1]
 [ 1  1  1  1  1  1  1  1 -1  1]
 [ 1  1  1  1  1  1  1  1 -1  1]
 [ 1  1  1  1  1  1  1  1  1  1]
 [ 1  1  1  1  1  1  1  1  1  1]
 [ 1  1  1  1  1  1  1  1  1  1]
 [ 1  1  1  1  1  1  1  1  1  1]
 [-1  1  1  1  1  1  1  1  1  1]]",-1.68,0.9
62,"[[ 1  1  1 -1 -1 -1 -1 -1 -1 -1]
 [ 1  1 -1 -1 -1 -1 -1 -1 -1 -1]
 [ 1 -1 -1 -1 -1 -1 -1 -1 -1 -1]
 [ 1  1 -1 -1 -1 -1 -1  1 -1  1]
 [ 1  1 -1 -1 -1 -1 -1  1  1  1]
 [-1 -1 -1 -1 -1 -1 -1 -1 -1 -1]
 [-1 -1 -1 -1 -1 -1 -1 -1 -1 -1]
 [-1 -1 -1 -1 -1 -1 -1 -1 -1 -1]
 [-1 -1 -1 -1 -1 -1 -1 -1 -1 -1]
 [-1 -1 -1 -1 -1  1  1 -1 -1 -1]]",-1.36,-0.66
63,"[[ 1  1 -1 -1 -1  1  1  1  1  1]
 [ 1  1 -1 -1 -1 -1 -1 -1 -1 -1]
 [-1 -1 -1 -1 -1  1 -1  1  1  1]
 [-1 -1 -1 -1 -1 -1 -1  1  1  1]
 [ 1 -1 -1 -1 -1 -1 -1  1  1  1]
 [ 1 -1 -1 -1 -1 -1  1  1  1  1]
 [ 1 -1 -1 -1  1 -1 -1 -1  1  1]
 [ 1 -1 -1 -1  1 -1 -1 -1 -1  1]
 [ 1  1  1  1 -1 -1 -1 -1  1  1]
 [-1  1 -1 -1 -1 -1  1  1  1  1]]",-0.84,-0.14
64,"[[-1  1  1  1 -1 -1 -1 -1 -1 -1]
 [-1 -1 -1 -1 -1 -1 -1 -1 -1 -1]
 [-1 -1 -1 -1 -1 -1 -1 -1 -1 -1]
 [-1 -1 -1 -1 -1 -1 -1 -1 -1 -1]
 [-1 -1 -1 -1 -1 -1 -1 -1 -1 -1]
 [-1 -1 -1 -1 -1 -1 -1 -1 -1 -1]
 [-1 -1 -1 -1 -1 -1 -1 -1 -1 -1]
 [-1 -1 -1  1 -1 -1 -1 -1 -1 -1]
 [-1 -1 -1  1 -1 -1 -1 -1 -1 -1]
 [-1  1 -1  1 -1 -1 -1 -1 -1 -1]]",-1.68,-0.86
65,"[[-1 -1 -1 -1 -1 -1 -1 -1 -1 -1]
 [-1 -1 -1 -1 -1 -1 -1 -1 -1 -1]
 [-1 -1 -1 -1 -1 -1 -1 -1 -1 -1]
 [-1 -1 -1 -1 -1  1 -1 -1 -1 -1]
 [-1 -1 -1 -1 -1 -1 -1 -1 -1 -1]
 [-1 -1 -1 -1 -1 -1 -1 -1 -1 -1]
 [ 1 -1 -1 -1 -1 -1  1 -1 -1 -1]
 [-1 -1 -1 -1 -1 -1 -1 -1 -1 -1]
 [-1 -1 -1  1 -1 -1 -1 -1 -1  1]
 [-1 -1 -1  1 -1 -1 -1 -1 -1 -1]]",-1.56,-0.88
66,"[[ 1  1  1  1  1  1  1  1  1 -1]
 [ 1  1  1  1  1  1 -1  1  1  1]
 [ 1  1  1  1  1  1 -1  1  1  1]
 [ 1  1 -1 -1 -1  1  1  1 -1 -1]
 [-1  1  1 -1  1  1  1  1  1 -1]
 [ 1  1  1 -1  1  1 -1 -1  1  1]
 [ 1  1 -1 -1  1  1  1  1  1  1]
 [ 1  1 -1 -1  1  1 -1  1  1  1]
 [ 1  1  1  1  1  1 -1 -1  1  1]
 [ 1  1  1  1  1  1 -1 -1  1  1]]",-0.92,0.54
67,"[[-1 -1  1  1  1  1  1  1 -1 -1]
 [ 1  1  1 -1 -1  1 -1 -1 -1 -1]
 [ 1  1  1 -1 -1  1  1  1 -1  1]
 [ 1 -1  1  1  1  1  1  1  1  1]
 [ 1  1  1  1  1  1  1  1  1  1]
 [ 1  1  1  1  1  1  1  1 -1  1]
 [ 1  1  1  1  1  1  1  1  1  1]
 [ 1  1  1  1  1  1  1  1  1  1]
 [ 1  1  1  1  1  1  1  1  1  1]
 [-1  1  1  1  1  1  1  1 -1 -1]]",-1.28,0.64
68,"[[-1 -1 -1 -1 -1 -1 -1 -1 -1 -1]
 [-1 -1 -1 -1 -1  1  1 -1 -1 -1]
 [-1 -1 -1 -1 -1 -1  1  1 -1 -1]
 [-1 -1 -1 -1 -1  1  1  1 -1 -1]
 [-1 -1 -1  1  1  1  1  1 -1 -1]
 [-1 -1 -1  1  1  1  1 -1 -1 -1]
 [-1 -1 -1  1 -1 -1 -1 -1 -1 -1]
 [-1 -1 -1  1 -1 -1 -1 -1 -1 -1]
 [-1 -1 -1 -1 -1 -1 -1 -1 -1 -1]
 [-1 -1 -1 -1  1  1 -1 -1 -1 -1]]",-1.36,-0.6
69,"[[-1 -1 -1 -1 -1 -1 -1  1  1  1]
 [-1 -1 -1 -1 -1 -1  1 -1  1  1]
 [-1 -1 -1 -1 -1 -1 -1 -1  1 -1]
 [ 1 -1 -1 -1 -1 -1 -1 -1  1  1]
 [ 1 -1 -1 -1 -1  1  1 -1 -1  1]
 [ 1 -1 -1 -1  1  1 -1 -1 -1 -1]
 [ 1 -1 -1 -1 -1  1  1 -1 -1 -1]
 [ 1  1 -1  1 -1 -1 -1 -1 -1 -1]
 [ 1  1  1  1 -1 -1 -1 -1 -1 -1]
 [ 1 -1 -1  1 -1 -1 -1 -1  1 -1]]",-0.8,-0.4
70,"[[-1 -1 -1 -1 -1 -1 -1 -1  1  1]
 [ 1 -1 -1 -1 -1 -1 -1 -1 -1 -1]
 [-1 -1 -1 -1 -1 -1 -1 -1 -1 -1]
 [-1 -1 -1 -1 -1 -1 -1 -1  1 -1]
 [-1 -1 -1 -1 -1 -1 -1  1  1  1]
 [-1 -1 -1 -1 -1 -1 -1  1  1  1]
 [-1 -1 -1 -1 -1 -1 -1 -1  1  1]
 [-1 -1 -1 -1 -1 -1 -1 -1  1  1]
 [-1 -1 -1 -1 -1  1  1  1  1 -1]
 [-1 -1 -1 -1  1 -1  1  1  1  1]]",-1.24,-0.54
71,"[[-1 -1 -1  1 -1 -1 -1  1  1  1]
 [-1 -1  1  1 -1  1  1 -1 -1  1]
 [-1 -1 -1 -1 -1  1  1  1 -1 -1]
 [-1 -1 -1 -1 -1  1  1 -1 -1 -1]
 [-1 -1 -1 -1  1  1  1 -1 -1 -1]
 [-1 -1 -1 -1  1  1  1  1  1 -1]
 [-1 -1 -1 -1  1  1  1  1  1 -1]
 [-1 -1 -1 -1  1  1  1  1  1 -1]
 [-1 -1 -1 -1 -1 -1  1  1 -1  1]
 [ 1 -1 -1 -1 -1 -1  1  1  1  1]]",-1.0,-0.2
72,"[[ 1 -1 -1  1  1  1 -1 -1 -1  1]
 [-1  1 -1  1  1  1 -1 -1 -1 -1]
 [-1 -1 -1 -1  1  1 -1 -1 -1 -1]
 [-1 -1 -1 -1  1  1 -1 -1 -1 -1]
 [-1  1 -1 -1 -1  1  1 -1 -1 -1]
 [-1 -1 -1  1 -1  1  1 -1 -1 -1]
 [-1 -1  1  1 -1 -1 -1 -1 -1 -1]
 [ 1  1  1  1 -1 -1 -1 -1 -1 -1]
 [ 1  1  1 -1 -1 -1 -1 -1 -1  1]
 [ 1 -1 -1  1 -1 -1  1 -1 -1  1]]",-0.88,-0.34
73,"[[-1 -1 -1 -1 -1 -1 -1  1  1  1]
 [-1  1  1 -1 -1 -1 -1 -1  1  1]
 [-1 -1  1 -1  1 -1 -1  1  1 -1]
 [ 1 -1 -1 -1 -1 -1 -1 -1 -1  1]
 [ 1  1 -1 -1 -1 -1 -1 -1 -1  1]
 [ 1  1 -1 -1 -1 -1 -1  1 -1  1]
 [ 1  1 -1 -1  1  1  1  1 -1  1]
 [ 1  1 -1 -1 -1  1 -1 -1 -1  1]
 [ 1  1  1 -1 -1  1  1  1  1  1]
 [ 1  1 -1 -1 -1  1  1  1  1  1]]",-0.76,-0.08
74,"[[-1 -1 -1 -1 -1 -1 -1 -1 -1 -1]
 [-1 -1 -1 -1 -1 -1 -1 -1 -1 -1]
 [-1 -1 -1 -1  1 -1 -1 -1 -1 -1]
 [-1 -1 -1 -1 -1 -1 -1 -1 -1 -1]
 [-1 -1 -1  1 -1  1 -1  1 -1 -1]
 [-1 -1 -1 -1 -1 -1 -1 -1 -1 -1]
 [-1 -1  1 -1 -1 -1 -1 -1 -1 -1]
 [-1 -1 -1 -1 -1 -1 -1 -1  1 -1]
 [-1 -1 -1 -1 -1 -1 -1 -1 -1 -1]
 [-1 -1 -1 -1 -1 -1 -1 -1 -1 -1]]",-1.52,-0.88
75,"[[-1 -1 -1 -1 -1 -1 -1 -1 -1 -1]
 [-1  1 -1 -1 -1 -1 -1 -1 -1  1]
 [-1 -1 -1 -1 -1 -1 -1  1  1  1]
 [-1 -1 -1 -1 -1 -1  1  1 -1 -1]
 [-1 -1 -1 -1 -1 -1  1  1 -1 -1]
 [-1 -1 -1 -1 -1 -1  1 -1 -1 -1]
 [-1 -1 -1 -1  1 -1 -1 -1 -1 -1]
 [-1  1 -1 -1  1 -1  1  1  1 -1]
 [-1 -1 -1 -1 -1 -1 -1 -1  1  1]
 [-1 -1 -1 -1 -1  1 -1 -1  1 -1]]",-1.0,-0.6
76,"[[-1 -1 -1 -1 -1  1  1  1  1 -1]
 [-1 -1 -1 -1 -1 -1 -1 -1  1 -1]
 [-1 -1 -1 -1 -1 -1 -1 -1 -1 -1]
 [-1 -1 -1 -1 -1 -1 -1 -1 -1 -1]
 [-1 -1 -1 -1 -1  1  1 -1 -1 -1]
 [-1 -1 -1 -1 -1 -1 -1 -1  1  1]
 [-1 -1 -1 -1 -1 -1  1  1  1  1]
 [ 1  1 -1 -1  1 -1  1  1  1  1]
 [-1  1 -1 -1 -1 -1  1  1  1  1]
 [-1 -1 -1 -1 -1  1  1  1  1 -1]]",-1.2,-0.42
77,"[[-1 -1 -1 -1  1 -1 -1 -1 -1  1]
 [-1 -1 -1 -1  1  1  1 -1 -1  1]
 [-1 -1 -1 -1  1  1  1 -1 -1 -1]
 [-1  1  1 -1 -1  1  1 -1  1 -1]
 [-1 -1 -1 -1 -1 -1  1 -1 -1 -1]
 [-1 -1 -1 -1 -1 -1 -1 -1 -1 -1]
 [-1 -1 -1 -1 -1 -1 -1 -1 -1 -1]
 [-1 -1 -1 -1 -1  1 -1 -1 -1  1]
 [-1 -1 -1 -1 -1  1  1 -1 -1 -1]
 [-1 -1 -1 -1  1  1  1  1 -1  1]]",-1.0,-0.52
78,"[[-1 -1 -1 -1  1  1 -1 -1 -1 -1]
 [-1 -1 -1 -1 -1  1 -1 -1 -1 -1]
 [-1 -1 -1 -1  1  1 -1  1  1 -1]
 [-1 -1 -1 -1  1  1 -1 -1 -1 -1]
 [-1 -1 -1 -1 -1  1 -1 -1 -1 -1]
 [-1 -1 -1 -1 -1 -1 -1 -1 -1 -1]
 [-1 -1 -1 -1 -1 -1  1 -1 -1 -1]
 [-1 -1 -1 -1 -1  1 -1 -1 -1  1]
 [-1 -1 -1 -1  1 -1 -1 -1  1 -1]
 [ 1 -1 -1 -1  1 -1 -1 -1  1 -1]]",-1.04,-0.64
79,"[[-1 -1  1  1  1  1  1  1  1 -1]
 [-1 -1  1  1  1  1  1  1  1 -1]
 [ 1 -1  1  1  1 -1  1  1 -1  1]
 [ 1 -1 -1 -1 -1 -1  1  1  1 -1]
 [-1 -1 -1 -1 -1  1  1  1  1 -1]
 [-1 -1 -1 -1 -1  1  1  1  1 -1]
 [-1 -1 -1  1 -1 -1 -1  1  1  1]
 [ 1  1 -1  1  1  1  1  1  1  1]
 [-1 -1 -1  1  1  1  1  1  1 -1]
 [-1 -1  1  1  1  1  1  1  1 -1]]",-0.96,0.18
80,"[[-1 -1 -1  1  1  1  1  1  1 -1]
 [-1 -1 -1  1  1  1  1 -1 -1 -1]
 [-1 -1 -1  1  1  1 -1 -1 -1 -1]
 [ 1 -1  1 -1  1  1 -1 -1 -1 -1]
 [ 1  1  1  1  1  1 -1  1  1  1]
 [ 1  1 -1 -1  1  1  1  1  1  1]
 [ 1  1 -1 -1 -1  1  1  1 -1  1]
 [ 1  1  1  1  1  1  1  1  1 -1]
 [ 1  1  1  1  1  1  1  1  1  1]
 [-1  1 -1  1  1  1  1  1  1  1]]",-0.96,0.34
81,"[[ 1  1  1  1  1  1  1  1  1  1]
 [ 1  1  1  1 -1 -1  1  1  1  1]
 [ 1  1  1 -1 -1 -1  1  1  1  1]
 [ 1  1  1 -1  1  1  1  1  1  1]
 [ 1  1  1  1  1  1  1  1  1  1]
 [ 1  1  1  1  1  1  1  1  1  1]
 [ 1  1  1  1  1  1  1 -1  1  1]
 [ 1  1  1  1  1  1  1  1  1  1]
 [ 1  1  1  1 -1 -1  1  1  1  1]
 [ 1  1  1  1  1  1  1  1  1  1]]",-1.56,0.82
82,"[[ 1  1  1  1  1  1  1  1  1  1]
 [ 1  1  1  1  1  1  1  1  1  1]
 [ 1  1  1 -1 -1  1  1  1 -1 -1]
 [ 1  1  1  1 -1  1  1  1 -1  1]
 [ 1  1  1 -1 -1  1  1  1  1  1]
 [ 1  1 -1  1 -1  1  1  1 -1  1]
 [ 1  1 -1  1  1  1  1  1 -1  1]
 [ 1 -1  1 -1  1  1  1  1 -1  1]
 [ 1  1  1 -1 -1 -1  1  1  1  1]
 [ 1 -1  1  1  1  1  1  1  1  1]]",-0.92,0.6
83,"[[ 1  1  1  1  1  1 -1  1  1  1]
 [ 1  1  1  1  1  1  1  1  1  1]
 [ 1  1  1  1  1  1  1  1  1  1]
 [ 1  1  1  1  1  1  1  1  1  1]
 [-1  1  1  1  1  1  1  1  1  1]
 [ 1  1  1  1  1  1  1  1  1  1]
 [ 1  1  1  1  1  1  1  1  1  1]
 [ 1  1  1  1  1  1  1  1  1  1]
 [ 1  1  1  1  1  1  1  1  1  1]
 [ 1  1  1  1  1  1  1  1  1  1]]",-1.84,0.96
84,"[[ 1  1  1  1  1  1  1  1  1  1]
 [ 1  1  1  1  1  1  1  1  1  1]
 [ 1  1  1  1  1  1  1  1  1  1]
 [ 1  1  1  1  1  1  1  1  1  1]
 [-1 -1  1  1  1  1  1  1  1  1]
 [ 1  1  1  1  1  1  1 -1  1  1]
 [ 1  1  1  1  1  1  1  1 -1  1]
 [ 1  1  1  1  1  1  1  1  1  1]
 [ 1  1  1  1  1  1  1  1  1  1]
 [ 1  1  1  1  1  1  1  1  1  1]]",-1.72,0.92
85,"[[ 1  1  1  1  1 -1 -1 -1  1  1]
 [ 1  1  1  1  1 -1  1  1  1  1]
 [ 1  1 -1 -1  1  1  1  1 -1  1]
 [ 1  1  1  1  1  1  1  1  1  1]
 [ 1  1  1  1  1  1  1  1  1  1]
 [ 1  1  1  1  1  1  1 -1  1  1]
 [ 1  1  1  1  1 -1  1  1  1  1]
 [ 1  1  1  1 -1 -1  1  1  1  1]
 [ 1  1  1  1 -1 -1 -1 -1  1  1]
 [ 1 -1  1  1  1 -1 -1 -1  1  1]]",-1.24,0.62
86,"[[ 1  1  1  1  1  1  1  1  1  1]
 [ 1  1  1  1  1  1  1  1  1  1]
 [ 1  1  1 -1 -1  1  1  1  1  1]
 [ 1  1  1  1 -1 -1 -1 -1 -1  1]
 [ 1  1 -1 -1 -1 -1 -1 -1  1  1]
 [ 1  1 -1 -1  1  1  1  1  1  1]
 [ 1  1  1  1  1  1  1  1  1  1]
 [ 1  1  1  1  1  1  1  1  1  1]
 [-1 -1  1  1  1  1  1  1  1  1]
 [-1 -1 -1  1  1  1  1  1  1  1]]",-1.32,0.6
87,"[[ 1  1  1  1  1  1  1  1  1  1]
 [-1  1  1 -1  1  1 -1  1 -1  1]
 [ 1  1  1 -1  1 -1 -1  1  1  1]
 [ 1  1  1 -1 -1 -1 -1 -1  1  1]
 [ 1  1  1  1  1 -1 -1  1  1  1]
 [ 1  1  1  1  1  1  1  1 -1  1]
 [ 1  1  1  1  1  1  1 -1 -1  1]
 [ 1  1  1  1  1 -1 -1 -1 -1  1]
 [ 1  1  1  1  1 -1 -1  1  1  1]
 [ 1  1  1  1  1  1  1  1  1  1]]",-1.08,0.54
88,"[[ 1  1  1  1  1  1  1  1  1  1]
 [-1 -1  1  1  1  1  1 -1  1 -1]
 [ 1  1  1  1  1  1  1  1 -1 -1]
 [ 1  1  1  1  1  1  1  1 -1 -1]
 [ 1  1  1  1  1  1  1  1  1  1]
 [ 1  1  1  1 -1  1  1  1  1  1]
 [ 1  1  1  1  1  1  1  1  1  1]
 [ 1  1  1  1  1  1  1  1  1  1]
 [-1 -1 -1  1 -1 -1 -1 -1 -1  1]
 [ 1  1  1  1 -1  1 -1 -1 -1  1]]",-1.08,0.58
89,"[[ 1  1  1  1  1  1 -1  1  1  1]
 [ 1  1  1  1  1  1  1  1  1  1]
 [ 1  1  1  1  1  1  1 -1 -1 -1]
 [ 1  1  1  1  1 -1 -1 -1 -1  1]
 [ 1  1  1  1  1 -1  1  1  1  1]
 [ 1  1  1  1  1  1  1  1  1  1]
 [ 1  1  1  1  1 -1 -1  1  1  1]
 [ 1  1  1  1  1 -1 -1 -1  1  1]
 [ 1  1  1  1  1  1  1  1  1  1]
 [ 1  1  1  1  1  1  1  1 -1  1]]",-1.32,0.7
90,"[[-1 -1 -1 -1  1  1 -1 -1 -1 -1]
 [-1  1  1  1  1  1 -1 -1 -1 -1]
 [-1  1  1  1  1  1 -1 -1 -1 -1]
 [-1  1  1  1  1  1 -1 -1 -1 -1]
 [ 1  1  1  1  1 -1 -1 -1 -1 -1]
 [-1 -1 -1 -1  1 -1  1 -1 -1 -1]
 [-1 -1 -1 -1 -1 -1 -1 -1 -1 -1]
 [-1 -1 -1 -1 -1 -1 -1 -1 -1 -1]
 [-1 -1 -1 -1 -1 -1 -1 -1 -1 -1]
 [-1 -1 -1 -1 -1 -1 -1 -1 -1 -1]]",-1.44,-0.52
91,"[[ 1  1  1  1  1  1  1  1  1  1]
 [ 1  1  1  1  1  1  1  1  1  1]
 [-1  1  1  1 -1  1  1  1  1  1]
 [ 1  1  1 -1 -1  1  1  1  1  1]
 [ 1  1  1 -1  1  1  1  1  1 -1]
 [ 1  1  1  1  1  1  1  1  1  1]
 [ 1  1  1  1  1  1  1  1  1  1]
 [ 1  1  1 -1  1  1  1  1  1  1]
 [ 1  1  1  1 -1 -1  1 -1  1  1]
 [ 1  1  1  1  1  1  1  1  1  1]]",-1.36,0.8
92,"[[-1 -1  1  1  1  1  1  1 -1 -1]
 [-1  1  1  1  1  1  1  1 -1 -1]
 [ 1 -1 -1 -1  1  1  1  1  1 -1]
 [ 1 -1 -1 -1  1  1  1  1  1  1]
 [ 1 -1 -1  1  1  1  1  1  1  1]
 [ 1  1 -1 -1  1  1  1  1  1  1]
 [ 1  1 -1 -1  1  1  1  1  1  1]
 [ 1  1  1  1  1  1  1  1  1  1]
 [ 1  1  1  1  1  1 -1  1  1  1]
 [ 1  1  1  1  1  1  1  1 -1 -1]]",-1.24,0.54
93,"[[-1 -1 -1 -1 -1 -1 -1  1  1 -1]
 [-1 -1 -1 -1 -1 -1 -1 -1  1 -1]
 [-1 -1 -1 -1 -1  1 -1  1  1  1]
 [-1 -1 -1 -1 -1  1 -1  1  1  1]
 [-1 -1 -1 -1 -1 -1 -1 -1 -1  1]
 [-1 -1 -1 -1 -1 -1 -1 -1 -1 -1]
 [ 1 -1 -1 -1 -1 -1 -1 -1 -1 -1]
 [ 1 -1 -1 -1 -1 -1 -1 -1  1 -1]
 [ 1 -1 -1 -1 -1 -1 -1  1 -1 -1]
 [-1 -1 -1 -1 -1 -1 -1  1 -1 -1]]",-1.2,-0.64
94,"[[ 1 -1 -1 -1 -1  1  1  1  1  1]
 [ 1  1 -1 -1  1  1  1  1  1  1]
 [-1  1  1  1  1  1  1  1  1  1]
 [ 1  1  1  1  1  1  1 -1  1  1]
 [ 1  1 -1 -1  1  1  1  1  1 -1]
 [-1 -1 -1 -1 -1  1  1 -1  1 -1]
 [-1 -1 -1 -1  1  1  1  1  1 -1]
 [-1 -1 -1 -1  1 -1 -1  1  1 -1]
 [-1 -1  1 -1  1  1 -1  1  1 -1]
 [-1 -1  1 -1 -1 -1 -1  1  1  1]]",-0.8,0.18
95,"[[-1 -1 -1  1  1  1 -1 -1 -1 -1]
 [-1 -1 -1  1  1  1  1 -1 -1 -1]
 [-1 -1 -1  1  1  1  1 -1 -1 -1]
 [-1 -1 -1  1  1  1  1  1 -1 -1]
 [ 1 -1 -1  1  1  1  1  1 -1  1]
 [ 1  1  1  1  1  1  1  1 -1  1]
 [-1 -1  1  1  1  1  1  1  1  1]
 [-1 -1  1  1  1  1  1 -1 -1 -1]
 [-1  1  1  1  1  1  1 -1 -1 -1]
 [-1 -1  1  1  1  1 -1 -1 -1 -1]]",-1.24,0.1
96,"[[ 1  1 -1 -1 -1 -1 -1 -1 -1 -1]
 [ 1  1 -1 -1 -1 -1 -1 -1 -1 -1]
 [ 1  1  1  1  1  1 -1 -1  1  1]
 [ 1  1  1  1  1  1 -1 -1  1  1]
 [ 1  1  1  1  1  1  1  1  1  1]
 [ 1  1  1  1  1  1  1  1  1  1]
 [ 1  1  1  1 -1 -1  1  1  1  1]
 [ 1 -1  1  1 -1 -1  1  1  1  1]
 [ 1  1  1  1 -1 -1 -1  1  1  1]
 [ 1  1  1  1 -1 -1 -1  1 -1 -1]]",-1.24,0.34
97,"[[ 1  1  1  1  1  1  1  1  1  1]
 [ 1  1  1  1  1  1  1 -1 -1  1]
 [ 1  1  1  1  1  1 -1 -1  1  1]
 [-1  1  1  1  1  1  1  1  1  1]
 [ 1  1  1  1  1  1  1  1  1  1]
 [ 1  1  1 -1 -1 -1 -1 -1  1  1]
 [ 1  1  1 -1 -1 -1 -1 -1 -1 -1]
 [ 1  1  1  1  1  1 -1 -1 -1 -1]
 [ 1 -1 -1  1  1  1 -1 -1 -1 -1]
 [ 1 -1  1  1  1  1  1 -1  1  1]]",-1.08,0.42
98,"[[ 1  1 -1  1  1  1 -1  1  1 -1]
 [ 1  1  1  1  1  1  1  1  1  1]
 [ 1  1  1  1  1  1  1  1  1  1]
 [ 1  1  1  1  1  1  1 -1  1  1]
 [ 1  1  1  1  1  1  1 -1  1  1]
 [-1  1  1  1  1 -1  1 -1  1  1]
 [ 1  1  1  1  1 -1  1  1  1  1]
 [ 1  1  1  1  1  1  1  1  1  1]
 [ 1  1  1  1  1  1  1  1  1  1]
 [ 1  1  1  1  1  1  1  1  1  1]]",-1.4,0.82
99,"[[-1  1 -1 -1 -1 -1 -1 -1 -1 -1]
 [-1 -1 -1 -1 -1 -1 -1 -1 -1 -1]
 [-1 -1 -1  1  1 -1 -1 -1  1 -1]
 [-1  1  1  1  1 -1 -1 -1 -1 -1]
 [ 1 -1  1  1  1 -1  1  1  1 -1]
 [ 1 -1  1  1  1  1  1  1  1  1]
 [ 1 -1  1 -1  1 -1  1  1  1  1]
 [-1 -1 -1 -1 -1 -1  1  1  1 -1]
 [-1 -1 -1 -1 -1 -1 -1  1  1 -1]
 [-1  1 -1 -1 -1 -1 -1 -1 -1 -1]]",-0.96,-0.26
